,Controller1.dump,Grid1.flag_warning,Consumption_kW,Energy_MWh,CO2_Intensity,CO2_emissions_kg,Cumulative_CO2_kg,Cumulative_CO2_tonnes
2012-02-01 00:00:00,-80.31543322166716,0,80.31543322166716,0.02007885830541679,181.548352904835,3.645283653557985,3.645283653557985,0.003645283653557985
2012-02-01 00:15:00,-80.28251632363089,0,80.28251632363089,0.02007062908090772,185.03471139500095,3.7137630595018734,7.3590467130598585,0.007359046713059859
2012-02-01 00:30:00,-36.00583683750143,0,36.00583683750143,0.009001459209375357,187.02439411590325,1.6834924547924437,9.042539167852302,0.009042539167852302
2012-02-01 00:45:00,-19.79248129660936,0,19.79248129660936,0.00494812032415234,184.48480141218005,0.9128529953648163,9.95539216321712,0.009955392163217119
2012-02-01 01:00:00,-26.342892431520667,0,26.342892431520667,0.0065857231078801665,185.41052970358334,1.2210624099131908,11.17645457313031,0.011176454573130311
2012-02-01 01:15:00,-30.195086454544285,0,30.195086454544285,0.007548771613636071,188.20871372617725,1.4207445956151243,12.597199168745435,0.012597199168745436
2012-02-01 01:30:00,-32.580986230845305,0,32.580986230845305,0.008145246557711327,191.60232222668768,1.5606481555664242,14.15784732431186,0.01415784732431186
2012-02-01 01:45:00,-32.42734515039529,0,32.42734515039529,0.008106836287598822,191.75068004517195,1.5544913711619512,15.712338695473811,0.01571233869547381
2012-02-01 02:00:00,-23.1675430527438,0,23.1675430527438,0.005791885763185949,191.61752836515245,1.1098268345150064,16.822165529988816,0.016822165529988817
2012-02-01 02:15:00,-21.059323343680024,0,21.059323343680024,0.005264830835920006,191.91677583525146,1.0104093593477792,17.832574889336595,0.017832574889336594
2012-02-01 02:30:00,-36.85853433642324,0,36.85853433642324,0.00921463358410581,193.08935956240194,1.7792476973571913,19.611822586693787,0.01961182258669379
2012-02-01 02:45:00,-43.019280203357006,0,43.019280203357006,0.010754820050839251,194.654390420467,2.0934729410779305,21.705295527771717,0.021705295527771718
2012-02-01 03:00:00,-35.995986455331895,0,35.995986455331895,0.008998996613832974,195.78982103632546,1.761911936528857,23.467207464300575,0.023467207464300574
2012-02-01 03:15:00,-30.149195702991427,0,30.149195702991427,0.007537298925747857,196.83781785836348,1.4836254730903955,24.95083293739097,0.02495083293739097
2012-02-01 03:30:00,-25.39702469377956,0,25.39702469377956,0.00634925617344489,197.7929399238519,1.2558380448753308,26.206670982266303,0.026206670982266304
2012-02-01 03:45:00,-23.977150663030628,0,23.977150663030628,0.0059942876657576565,198.32208204124265,1.188799610227199,27.395470592493503,0.027395470592493504
2012-02-01 04:00:00,-25.12481530299143,0,25.12481530299143,0.006281203825747857,198.92747956196013,1.2495040456709625,28.644974638164467,0.028644974638164466
2012-02-01 04:15:00,-23.94540091562465,0,23.94540091562465,0.005986350228906162,202.25020624394003,1.2107405684447288,29.855715206609194,0.029855715206609193
2012-02-01 04:30:00,-25.76145435140584,0,25.76145435140584,0.0064403635878514595,204.3264358424322,1.3159365374350678,31.17165174404426,0.031171651744044262
2012-02-01 04:45:00,-26.180821284421505,0,26.180821284421505,0.006545205321105376,207.84111793300923,1.3603627910396219,32.53201453508388,0.03253201453508388
2012-02-01 05:00:00,-25.851182088497023,0,25.851182088497023,0.006462795522124256,209.66535669701506,1.3550243284060537,33.887038863489934,0.033887038863489934
2012-02-01 05:15:00,-23.86814541395738,0,23.86814541395738,0.005967036353489345,211.34610162899588,1.261109871588472,35.14814873507841,0.035148148735078405
2012-02-01 05:30:00,-25.890794092685883,0,25.890794092685883,0.006472698523171471,212.6113194693616,1.3761689735388747,36.52431770861728,0.036524317708617283
2012-02-01 05:45:00,-26.13490305862731,0,26.13490305862731,0.006533725764656827,214.02662859790306,1.3983912975927568,37.92270900621004,0.03792270900621004
2012-02-01 06:00:00,-26.598279189938804,0,26.598279189938804,0.006649569797484701,216.75283990592197,1.4413131377574553,39.364022143967496,0.039364022143967496
2012-02-01 06:15:00,-24.278439508864597,0,24.278439508864597,0.00606960987721615,218.1817752524186,1.324278258100634,40.68830040206813,0.04068830040206813
2012-02-01 06:30:00,-26.049694754090638,0,26.049694754090638,0.00651242368852266,218.91060868565165,1.4256386336733522,42.11393903574148,0.04211393903574148
2012-02-01 06:45:00,-7.391923034121725,0,7.391923034121725,0.0018479807585304313,219.75738823556,0.40610742500421665,42.5200464607457,0.0425200464607457
2012-02-01 07:00:00,-11.01961438218322,0,11.01961438218322,0.0027549035955458053,222.03762691346265,0.6116922567303563,43.131738717476054,0.043131738717476054
2012-02-01 07:15:00,-18.146653692024053,0,18.146653692024053,0.004536663423006013,224.44880756770175,1.0182486956297077,44.14998741310576,0.04414998741310576
2012-02-01 07:30:00,-24.445209603953124,0,24.445209603953124,0.006111302400988281,225.4200422108866,1.377610045194271,45.527597458300036,0.04552759745830003
2012-02-01 07:45:00,-28.415309241125748,0,28.415309241125748,0.007103827310281437,225.96699045126402,1.6052304779897941,47.13282793628983,0.047132827936289826
2012-02-01 08:00:00,-24.345482068631945,0,24.345482068631945,0.006086370517157986,226.21910002106975,1.3768532607862525,48.509681197076084,0.048509681197076084
2012-02-01 08:15:00,-22.7565928916298,0,22.7565928916298,0.00568914822290745,227.647472688015,1.2951202146923928,49.80480141176848,0.04980480141176848
2012-02-01 08:30:00,-12.193911653414794,0,12.193911653414794,0.0030484779133536986,228.85232947170323,0.697651271814031,50.50245268358251,0.05050245268358251
2012-02-01 08:45:00,-7.776404108641602,0,7.776404108641602,0.0019441010271604004,229.8173470928265,0.44678814054244226,50.949240824124956,0.050949240824124956
2012-02-01 09:00:00,-11.73587894054657,0,11.73587894054657,0.0029339697351366423,230.12256818552765,0.6751726504282565,51.624413474553215,0.05162441347455322
2012-02-01 09:15:00,-13.9639724034227,0,13.9639724034227,0.003490993100855675,229.87296791126093,0.8024849450514299,52.42689841960465,0.05242689841960465
2012-02-01 09:30:00,-13.96593318392299,0,13.96593318392299,0.0034914832959807474,229.1539114329012,0.8000870539766262,53.22698547358127,0.053226985473581276
2012-02-01 09:45:00,-13.91814807401122,0,13.91814807401122,0.003479537018502805,228.93668558712753,0.7965936723937479,54.02357914597502,0.05402357914597502
2012-02-01 10:00:00,-11.201094292967936,0,11.201094292967936,0.002800273573241984,229.709908264003,0.643250585623528,54.66682973159855,0.054666829731598546
2012-02-01 10:15:00,-8.931526898627375,0,8.931526898627375,0.0022328817246568436,230.30446477218408,0.5142426304966856,55.181072362095236,0.05518107236209523
2012-02-01 10:30:00,-22.66673175035169,0,22.66673175035169,0.005666682937587922,230.27440464834424,1.3048920397839894,56.48596440187922,0.056485964401879224
2012-02-01 10:45:00,-52.816656621828486,0,52.816656621828486,0.013204164155457122,230.40939897135732,3.0423635269780154,59.52832792885724,0.05952832792885724
2012-02-01 11:00:00,-53.9024971523314,0,53.9024971523314,0.01347562428808285,230.14362200046145,3.101328982376777,62.629656911234015,0.06262965691123401
2012-02-01 11:15:00,-41.2998375347836,0,41.2998375347836,0.0103249593836959,230.35585180106276,2.378414813642645,65.00807172487666,0.06500807172487666
2012-02-01 11:30:00,-17.75018652893403,0,17.75018652893403,0.004437546632233507,231.4099807090971,1.0268925805608748,66.03496430543753,0.06603496430543752
2012-02-01 11:45:00,-16.449485100808573,0,16.449485100808573,0.004112371275202143,232.32454721179695,0.955404794478138,66.99036909991567,0.06699036909991567
2012-02-01 12:00:00,-10.302999838756383,0,10.302999838756383,0.002575749959689096,233.27717476870086,0.6008636735068674,67.59123277342253,0.06759123277342254
2012-02-01 12:15:00,-14.044398491629796,0,14.044398491629796,0.003511099622907449,233.3668384556956,0.8193742185008964,68.41060699192343,0.06841060699192343
2012-02-01 12:30:00,-13.998397433032926,0,13.998397433032926,0.0034995993582582316,233.0130789147263,0.8154524214357508,69.22605941335918,0.06922605941335919
2012-02-01 12:45:00,-31.35684108718338,0,31.35684108718338,0.007839210271795845,233.5483400132916,1.8308345459930642,71.05689395935225,0.07105689395935225
2012-02-01 13:00:00,-19.382944005564312,0,19.382944005564312,0.004845736001391078,233.79166118675792,1.132892669437698,72.18978662878995,0.07218978662878994
2012-02-01 13:15:00,-33.710296767455176,0,33.710296767455176,0.008427574191863794,234.41624539374004,1.9755602998338935,74.16534692862383,0.07416534692862384
2012-02-01 13:30:00,-61.16468649594941,0,61.16468649594941,0.015291171623987352,234.2474919985477,3.581918602638397,77.74726553126223,0.07774726553126222
2012-02-01 13:45:00,-75.70216497191389,0,75.70216497191389,0.01892554124297847,234.38329225775965,4.435830664289307,82.18309619555154,0.08218309619555154
2012-02-01 14:00:00,-78.61829290447527,0,78.61829290447527,0.019654573226118816,234.1395513331164,4.601912956807341,86.78500915235888,0.08678500915235889
2012-02-01 14:15:00,-40.90924380657473,0,40.90924380657473,0.010227310951643682,233.65184264726676,2.3896300491781175,89.174639201537,0.08917463920153701
2012-02-01 14:30:00,-36.7747149641513,0,36.7747149641513,0.009193678741037825,233.32850650072314,2.1451473298938044,91.31978653143081,0.0913197865314308
2012-02-01 14:45:00,-40.17873017234776,0,40.17873017234776,0.010044682543086941,233.2338022729477,2.342759502148869,93.66254603357967,0.09366254603357968
2012-02-01 15:00:00,-37.29403685630605,0,37.29403685630605,0.009323509214076512,233.21297772221405,2.174363346635283,95.83690938021496,0.09583690938021497
2012-02-01 15:15:00,-39.5935099070007,0,39.5935099070007,0.009898377476750176,232.68984783073034,2.303251948836127,98.14016132905108,0.09814016132905108
2012-02-01 15:30:00,-66.6361542,0,66.6361542,0.016659038549999998,232.67812079437897,3.8761937840551153,102.0163551131062,0.1020163551131062
2012-02-01 15:45:00,-45.5435696,0,45.5435696,0.0113858924,232.97148835552102,2.652588298683815,104.66894341179001,0.10466894341179
2012-02-01 16:00:00,-24.1094351,0,24.1094351,0.006027358775,233.04144134373047,1.4046243764217816,106.07356778821179,0.1060735677882118
2012-02-01 16:15:00,-21.9385005,0,21.9385005,0.005484625125,232.90877726759604,1.277417331634886,107.35098511984667,0.10735098511984667
2012-02-01 16:30:00,-21.3159421,0,21.3159421,0.0053289855250000006,232.44434739320513,1.2386925626264618,108.58967768247314,0.10858967768247314
2012-02-01 16:45:00,-21.5245107,0,21.5245107,0.005381127675,231.99587026076065,1.2483993979458885,109.83807708041903,0.10983807708041902
2012-02-01 17:00:00,-43.3036214,0,43.3036214,0.01082590535,231.43392828831728,2.5054818024280103,112.34355888284703,0.11234355888284703
2012-02-01 17:15:00,-41.235618800000005,0,41.235618800000005,0.010308904700000001,230.77471067530536,2.379034499521796,114.72259338236883,0.11472259338236883
2012-02-01 17:30:00,-39.9840318,0,39.9840318,0.00999600795,230.68287104415188,2.305907812886167,117.02850119525499,0.11702850119525499
2012-02-01 17:45:00,-42.26376355053055,0,42.26376355053055,0.010565940887632637,230.2659561585971,2.4329764812059453,119.46147767646093,0.11946147767646093
2012-02-01 18:00:00,-47.23017355551015,0,47.23017355551015,0.011807543388877538,230.1760407101534,2.717813587765179,122.17929126422611,0.12217929126422611
2012-02-01 18:15:00,-103.62470813938214,1,103.62470813938214,0.025906177034845535,229.7447260827028,5.951807546720594,128.1310988109467,0.1281310988109467
2012-02-01 18:30:00,-93.32599194795796,0,93.32599194795796,0.02333149798698949,229.07621515349817,5.344691252721014,133.47579006366772,0.13347579006366772
2012-02-01 18:45:00,-81.85471545737676,0,81.85471545737676,0.02046367886434419,228.4345235043889,4.674610730523299,138.15040079419103,0.13815040079419103
2012-02-01 19:00:00,-73.86387469578183,0,73.86387469578183,0.018465968673945458,226.93817439321037,4.190633219267394,142.34103401345843,0.14234103401345843
2012-02-01 19:15:00,-95.78435287741546,0,95.78435287741546,0.023946088219353866,225.12471302974748,5.390856238567056,147.7318902520255,0.1477318902520255
2012-02-01 19:30:00,-155.91436292116535,1,155.91436292116535,0.038978590730291335,222.6007821499955,8.676664783667416,156.4085550356929,0.1564085550356929
2012-02-01 19:45:00,-97.20252784925732,0,97.20252784925732,0.024300631962314332,220.48308364880927,5.357878269665879,161.7664333053588,0.16176643330535878
2012-02-01 20:00:00,-71.0484317,0,71.0484317,0.017762107925,218.9904787351131,3.8897325178404962,165.65616582319927,0.16565616582319928
2012-02-01 20:15:00,-27.277375,0,27.277375,0.00681934375,216.27983587616288,1.4748865470331372,167.13105237023242,0.16713105237023243
2012-02-01 20:30:00,-28.4621014,0,28.4621014,0.0071155253500000005,214.61477950253064,1.5270969040349172,168.65814927426734,0.16865814927426734
2012-02-01 20:45:00,-25.2428799,0,25.2428799,0.006310719974999999,213.3274568823738,1.3462498433635475,170.0043991176309,0.1700043991176309
2012-02-01 21:00:00,-23.1226495,0,23.1226495,0.0057806623750000004,211.9244182182262,1.225063510737865,171.22946262836876,0.17122946262836877
2012-02-01 21:15:00,-22.8722749,0,22.8722749,0.005718068725,210.01797069695195,1.2008971899302074,172.43035981829897,0.17243035981829896
2012-02-01 21:30:00,-19.80657506764072,0,19.80657506764072,0.00495164376691018,207.4404197314322,1.0271710613683778,173.45753087966733,0.17345753087966734
2012-02-01 21:45:00,-19.135236806457165,0,19.135236806457165,0.004783809201614291,204.3103278280093,0.9773816262484633,174.4349125059158,0.1744349125059158
2012-02-01 22:00:00,-21.035028097508334,0,21.035028097508334,0.005258757024377084,200.75380832237107,1.0557154996857196,175.49062800560154,0.17549062800560153
2012-02-01 22:15:00,-17.51367943696301,0,17.51367943696301,0.004378419859240752,197.5330942252104,0.8648828226129359,176.35551082821448,0.1763555108282145
2012-02-01 22:30:00,-8.803795683941608,0,8.803795683941608,0.002200948920985402,194.85554813027542,0.42886710840534875,176.78437793661982,0.17678437793661983
2012-02-01 22:45:00,-10.154271466288575,0,10.154271466288575,0.0025385678665721437,190.3319125678754,0.48317047722802725,177.26754841384783,0.17726754841384784
2012-02-01 23:00:00,-8.977619262384632,0,8.977619262384632,0.002244404815596158,186.1035417552736,0.41769168531503675,177.68524009916288,0.1776852400991629
2012-02-01 23:15:00,-5.899152133284834,0,5.899152133284834,0.0014747880333212085,184.6989427486647,0.2723917905328097,177.9576318896957,0.1779576318896957
2012-02-01 23:30:00,-11.582110744416488,0,11.582110744416488,0.002895527686104122,182.97583676949853,0.5298116012541516,178.48744349094986,0.17848744349094986
