date,Controller1.dump,Controller1.res_load,Battery1.soc,Controller1.flow2b,PV1.pv_gen,Wind1.wind_gen,Load1.load_dem,Grid1.flag_warning
2012-01-01,-30.88454264905566,30.88454264905566,20,0,0.0,0.14807145094433838,31.0326141,0
2012-01-01 00:15:00,-33.524477082183225,33.524477082183225,20,0,0.0,0.14519821781678,33.6696753,0
2012-01-01 00:30:00,-33.38834709938685,33.38834709938685,20,0,0.0,0.21009710061315715,33.5984442,0
2012-01-01 00:45:00,-33.69469672412615,33.69469672412615,20,0,0.0,0.19933117587384494,33.8940279,0
2012-01-01 01:00:00,-30.47154182386331,30.47154182386331,20,0,0.0,0.22200067613669086,30.6935425,0
2012-01-01 01:15:00,-22.500685836278713,22.500685836278713,20,0,0.0,0.2471398637212858,22.7478257,0
2012-01-01 01:30:00,-19.870440929817807,19.870440929817807,20,0,0.0,0.24958947018219424,20.1200304,0
2012-01-01 01:45:00,-19.606306585289488,19.606306585289488,20,0,0.0,0.22504521471051248,19.8313518,0
2012-01-01 02:00:00,-20.584860587193493,20.584860587193493,20,0,0.0,0.27498161280650735,20.8598422,0
2012-01-01 02:15:00,-15.418741062229982,15.418741062229982,20,0,0.0,0.24470633777001755,15.663447399999999,0
2012-01-01 02:30:00,-16.137564448633412,16.137564448633412,20,0,0.0,0.2553680513665828,16.392932499999997,0
2012-01-01 02:45:00,-16.97082499710521,16.97082499710521,20,0,0.0,0.28025830289479126,17.2510833,0
2012-01-01 03:00:00,-16.544927196205965,16.544927196205965,20,0,0.0,0.2706353037940336,16.8155625,0
2012-01-01 03:15:00,-15.548926781784557,15.548926781784557,20,0,0.0,0.309543818215441,15.858470599999999,0
2012-01-01 03:30:00,-16.235033710815674,16.235033710815674,20,0,0.0,0.3162106891843276,16.5512444,0
2012-01-01 03:45:00,-10.608539434914807,10.608539434914807,20,0,0.0,0.36452216508519425,10.973061600000001,0
2012-01-01 04:00:00,-23.67356653294103,23.67356653294103,20,0,0.0,0.397082667058967,24.0706492,0
2012-01-01 04:15:00,-24.41091558556188,24.41091558556188,20,0,0.0,0.4186751144381196,24.8295907,0
2012-01-01 04:30:00,-27.722546209376617,27.722546209376617,20,0,0.0,0.42565289062338274,28.1481991,0
2012-01-01 04:45:00,-30.762408124245898,30.762408124245898,20,0,0.0,0.5398089757541035,31.3022171,0
2012-01-01 05:00:00,-33.16297295799734,33.16297295799734,20,0,0.0,0.5075903420026552,33.6705633,0
2012-01-01 05:15:00,-32.795712459014055,32.795712459014055,20,0,0.0,0.48174194098594575,33.2774544,0
2012-01-01 05:30:00,-33.361316531520664,33.361316531520664,20,0,0.0,0.574790368479331,33.9361069,0
2012-01-01 05:45:00,-29.8331083,29.8331083,20,0,0.0,0,29.8331083,0
2012-01-01 06:00:00,-24.2220314,24.2220314,20,0,0.0,0,24.2220314,0
2012-01-01 06:15:00,-18.7278412,18.7278412,20,0,0.0,0,18.7278412,0
2012-01-01 06:30:00,-8.584596399999999,8.584596399999999,20,0,0.0,0,8.584596399999999,0
2012-01-01 06:45:00,-12.526951172948587,12.526951172948587,20,0,0.0,0.6187237270514134,13.145674900000001,0
2012-01-01 07:00:00,-6.991314117759504,6.991314117759504,20,0,0.0,0.5921050822404959,7.5834192,0
2012-01-01 07:15:00,-6.833207093501521,6.833207093501521,20,0,0.0,0.5343472064984783,7.367554299999999,0
2012-01-01 07:30:00,-15.118157011292878,15.118157011292878,20,0,0.0,0.5102248887071212,15.628381899999999,0
2012-01-01 07:45:00,-15.860502069152382,15.860502069152382,20,0,0.0,0.48811973084761784,16.3486218,0
2012-01-01 08:00:00,-19.88541968839321,19.88541968839321,20,0,0.0,0.46542021160679126,20.3508399,0
2012-01-01 08:15:00,-49.44036130433887,49.44036130433887,20,0,0.0,0.476679895661131,49.9170412,0
2012-01-01 08:30:00,-51.05227865054676,51.05227865054676,20,0,0.0,0.4754199494532479,51.52769860000001,0
2012-01-01 08:45:00,-44.01840405046262,44.01840405046262,20,0,0.0,0.4163662495373838,44.434770300000004,0
2012-01-01 09:00:00,-23.602559790382102,23.602559790382102,20,0,0.0,0.3278611096178948,23.930420899999998,0
2012-01-01 09:15:00,-29.942604490382106,29.942604490382106,20,0,0.0,0.3278611096178948,30.2704656,0
2012-01-01 09:30:00,-28.56138047711946,28.56138047711946,20,0,0.0,0.33379212288054266,28.895172600000002,0
2012-01-01 09:45:00,-19.43560949704672,19.43560949704672,20,0,0.0,0.3011107029532797,19.7367202,0
2012-01-01 10:00:00,-22.61403254022274,22.61403254022274,20,0,0.0,0.31334185977726076,22.9273744,0
2012-01-01 10:15:00,-22.165343544800002,22.165343544800002,20,0,0.0,0.33081775519999884,22.4961613,0
2012-01-01 10:30:00,-20.869356810346368,20.869356810346368,20,0,0.0,0.2235194896536315,21.0928763,0
2012-01-01 10:45:00,-12.553424492685886,12.553424492685886,20,0,0.0,0.23043990731411357,12.7838644,0
2012-01-01 11:00:00,-8.800777392027152,8.800777392027152,20,0,0.0,0.3740957079728464,9.1748731,0
2012-01-01 11:15:00,-13.79990998989278,13.79990998989278,20,0,0.0,0.2520552101072198,14.0519652,0
2012-01-01 11:30:00,-63.97735430424443,63.97735430424443,20,0,0.0,0.22734679575556868,64.2047011,0
2012-01-01 11:45:00,-58.494564972336924,58.494564972336924,20,0,0.0,0.3085991276630688,58.8031641,0
2012-01-01 12:00:00,-18.674564713341667,18.674564713341667,20,0,0.0,0.21156118665833354,18.8861259,0
2012-01-01 12:15:00,-25.363290578268767,25.363290578268767,20,0,0.0,0.2964925217312317,25.6597831,0
2012-01-01 12:30:00,-17.351115578268768,17.351115578268768,20,0,0.0,0.2964925217312317,17.6476081,0
2012-01-01 12:45:00,-44.94872677138393,44.94872677138393,20,0,0.0,0.33878892861606846,45.2875157,0
2012-01-01 13:00:00,-59.23098968559399,59.23098968559399,20,0,0.0,0.3582314144060115,59.5892211,0
2012-01-01 13:15:00,-70.1297239,70.1297239,20,0,0.0,0,70.1297239,0
2012-01-01 13:30:00,-84.48188804007816,84.48188804007816,20,0,0.0,0.46047335992183475,84.9423614,0
2012-01-01 13:45:00,-50.91051493900063,50.91051493900063,20,0,0.0,0.538440060999373,51.448955,0
2012-01-01 14:00:00,-45.71128706426341,45.71128706426341,20,0,0.0,0.5128685357365936,46.2241556,0
2012-01-01 14:15:00,-52.580548964322794,52.580548964322794,20,0,0.0,0.5208542356772068,53.1014032,0
2012-01-01 14:30:00,-43.465169472753146,43.465169472753146,20,0,0.0,0.4830130272468545,43.9481825,0
2012-01-01 14:45:00,-43.04344933748729,43.04344933748729,20,0,0.0,0.5370734625127098,43.5805228,0
2012-01-01 15:00:00,-43.62362320797881,43.62362320797881,20,0,0.0,0.5316301920211931,44.1552534,0
2012-01-01 15:15:00,-81.90816869999999,81.90816869999999,20,0,0.0,0,81.90816869999999,0
2012-01-01 15:30:00,-44.46958196818852,44.46958196818852,20,0,0.0,0.36663533181147123,44.836217299999994,0
2012-01-01 15:45:00,-41.67782083642324,41.67782083642324,20,0,0.0,0.35511336357676315,42.0329342,0
2012-01-01 16:00:00,-43.1384779,43.1384779,20,0,0.0,0,43.1384779,0
2012-01-01 16:15:00,-30.8287135,30.8287135,20,0,0.0,0,30.8287135,0
2012-01-01 16:30:00,-36.305723349267,36.305723349267,20,0,0.0,0.5036555507329976,36.8093789,0
2012-01-01 16:45:00,-36.18160710770799,36.18160710770799,20,0,0.0,0.3288446922920088,36.5104518,0
2012-01-01 17:00:00,-32.61059487878211,32.61059487878211,20,0,0.0,0.5964874212178958,33.2070823,0
2012-01-01 17:15:00,-35.34763706332077,35.34763706332077,20,0,0.0,0.5453078366792381,35.8929449,0
2012-01-01 17:30:00,-45.76144948396352,45.76144948396352,20,0,0.0,0.5719378160364776,46.3333873,0
2012-01-01 17:45:00,-61.6080176,61.6080176,20,0,0.0,0,61.6080176,0
2012-01-01 18:00:00,-63.470784800000004,63.470784800000004,20,0,0.0,0,63.470784800000004,0
2012-01-01 18:15:00,-57.13866257439638,57.13866257439638,20,0,0.0,0.5862954256036143,57.724957999999994,0
2012-01-01 18:30:00,-47.48875286968091,47.48875286968091,20,0,0.0,0.6008913303190934,48.0896442,0
2012-01-01 18:45:00,-93.90842160807334,93.90842160807334,20,0,0.0,0.5221931919266621,94.4306148,0
2012-01-01 19:00:00,-121.2814230358021,121.2814230358021,20,0,0.0,0.49455356419788205,121.77597659999999,1
2012-01-01 19:15:00,-111.39503653607599,111.39503653607599,20,0,0.0,0.36136766392399605,111.75640419999999,1
2012-01-01 19:30:00,-103.11323200380954,103.11323200380954,20,0,0.0,0.5805238961904673,103.69375590000001,1
2012-01-01 19:45:00,-98.7872189,98.7872189,20,0,0.0,0,98.7872189,0
2012-01-01 20:00:00,-86.8483233409655,86.8483233409655,20,0,0.0,0.564847759034494,87.4131711,0
2012-01-01 20:15:00,-76.9945579,76.9945579,20,0,0.0,0,76.9945579,0
2012-01-01 20:30:00,-71.43494474007817,71.43494474007817,20,0,0.0,0.46047335992183475,71.8954181,0
2012-01-01 20:45:00,-37.210561269454395,37.210561269454395,20,0,0.0,0.3655777305456004,37.576139,0
2012-01-01 21:00:00,-30.6564956,30.6564956,20,0,0.0,0,30.6564956,0
2012-01-01 21:15:00,-32.681906,32.681906,20,0,0.0,0,32.681906,0
2012-01-01 21:30:00,-24.338826253062855,24.338826253062855,20,0,0.0,0.4997411469371421,24.8385674,0
2012-01-01 21:45:00,-24.014891280029595,24.014891280029595,20,0,0.0,0.3029713199704061,24.3178626,0
2012-01-01 22:00:00,-25.578161424082555,25.578161424082555,20,0,0.0,0.3190969759174468,25.897258400000002,0
2012-01-01 22:15:00,-22.7623479535666,22.7623479535666,20,0,0.0,0.17695404643340257,22.939302,0
2012-01-01 22:30:00,-22.82048051386225,22.82048051386225,20,0,0.0,0.44463838613775103,23.2651189,0
2012-01-01 22:45:00,-18.8627052,18.8627052,20,0,0.0,0,18.8627052,0
2012-01-01 23:00:00,-9.294081069152382,9.294081069152382,20,0,0.0,0.48811973084761784,9.7822008,0
2012-01-01 23:15:00,-9.29633652740308,9.29633652740308,20,0,0.0,0.44103647259692,9.737373,0
2012-01-01 23:30:00,-57.07115973147225,57.07115973147225,20,0,0.0,0.43270776852775344,57.503867500000005,0
